,ucebna,datum,garantovany termin,url
0,brno,9.2. - 10.2.2023,False,https://www.skoleni-ict.cz/kurz/Datova-analyza-v-Pythonu-PYDATA.aspx
1,brno,13.4. - 14.4.2023,False,https://www.skoleni-ict.cz/kurz/Datova-analyza-v-Pythonu-PYDATA.aspx
2,brno,8.6. - 9.6.2023,False,https://www.skoleni-ict.cz/kurz/Datova-analyza-v-Pythonu-PYDATA.aspx
3,praha,9.3. - 10.3.2023,False,https://www.skoleni-ict.cz/kurz/Datova-analyza-v-Pythonu-PYDATA.aspx
4,praha,4.5. - 5.5.2023,False,https://www.skoleni-ict.cz/kurz/Datova-analyza-v-Pythonu-PYDATA.aspx
5,praha,29.6. - 30.6.2023,False,https://www.skoleni-ict.cz/kurz/Datova-analyza-v-Pythonu-PYDATA.aspx
